Date,Weekly Regular Average,Weekly Midgrade Average,Weekly Premium Average
5/26/2003,1.421,1.52,1.614
6/2/2003,1.365,1.464,1.561
6/9/2003,1.487,1.587,1.679
6/16/2003,1.515,1.616,1.711
6/23/2003,1.391,1.488,1.588
6/30/2003,1.435,1.534,1.633
7/7/2003,1.413,1.514,1.616
7/14/2003,1.467,1.566,1.662
7/21/2003,1.515,1.614,1.709
7/28/2003,1.469,1.571,1.667
8/4/2003,1.5,1.601,1.697
8/11/2003,1.538,1.637,1.734
8/18/2003,1.604,1.706,1.805
8/25/2003,1.741,1.839,1.935
9/1/2003,1.679,1.776,1.874
9/8/2003,1.608,1.708,1.806
9/15/2003,1.692,1.793,1.887
9/22/2003,1.595,1.69,1.789
9/29/2003,1.501,1.601,1.696
10/6/2003,1.539,1.642,1.74
10/13/2003,1.549,1.648,1.746
10/20/2003,1.559,1.661,1.759
10/27/2003,1.466,1.565,1.664
11/3/2003,1.537,1.64,1.733
11/10/2003,1.422,1.52,1.618
11/17/2003,1.437,1.539,1.639
11/24/2003,1.5,1.601,1.698
12/1/2003,1.379,1.479,1.578
12/8/2003,1.391,1.493,1.592
12/15/2003,1.36,1.46,1.561
12/22/2003,1.46,1.564,1.661
12/29/2003,1.423,1.523,1.623
1/5/2004,1.513,1.613,1.706
1/12/2004,1.547,1.647,1.741
1/19/2004,1.584,1.685,1.777
1/26/2004,1.646,1.75,1.844
2/2/2004,1.564,1.663,1.761
2/9/2004,1.642,1.744,1.84
2/16/2004,1.667,1.77,1.859
2/23/2004,1.702,1.805,1.901
3/1/2004,1.716,1.82,1.914
3/8/2004,1.711,1.812,1.907
3/15/2004,1.604,1.707,1.802
3/22/2004,1.674,1.777,1.873
3/29/2004,1.728,1.83,1.924
4/5/2004,1.728,1.828,1.922
4/12/2004,1.737,1.838,1.932
4/19/2004,1.776,1.878,1.97
4/26/2004,1.78,1.882,1.978
5/3/2004,1.788,1.886,1.98
5/10/2004,1.86,1.96,2.057
5/17/2004,1.996,2.095,2.188
5/24/2004,2.051,2.154,2.245
5/31/2004,1.959,2.06,2.161
6/7/2004,1.951,2.057,2.148
6/14/2004,1.802,1.905,2.004
6/21/2004,1.719,1.821,1.921
6/28/2004,1.773,1.877,1.974
7/5/2004,1.784,1.886,1.984
7/12/2004,1.857,1.96,2.055
7/19/2004,1.889,1.991,2.086
7/26/2004,1.796,1.896,1.994
8/2/2004,1.805,1.905,2.006
8/9/2004,1.861,1.962,2.059
8/16/2004,1.875,1.977,2.074
8/23/2004,1.865,1.965,2.061
8/30/2004,1.76,1.862,1.961
9/6/2004,1.787,1.889,1.992
9/13/2004,1.795,1.898,1.999
9/20/2004,1.887,1.99,2.088
9/27/2004,1.934,2.036,2.133
10/4/2004,1.877,1.98,2.08
10/11/2004,1.955,2.056,2.159
10/18/2004,2.003,2.1,2.202
10/25/2004,1.953,2.055,2.156
11/1/2004,1.973,2.08,2.182
11/8/2004,1.89,1.996,2.1
11/15/2004,1.827,1.927,2.031
11/22/2004,1.851,1.952,2.055
11/29/2004,1.893,1.995,2.1
12/6/2004,1.796,1.9,2.005
12/13/2004,1.682,1.781,1.887
12/20/2004,1.746,1.848,1.949
12/27/2004,1.703,1.804,1.909
1/3/2005,1.744,1.845,1.948
1/10/2005,1.801,1.903,2.004
1/17/2005,1.793,1.894,1.995
1/24/2005,1.883,1.986,2.084
1/31/2005,1.914,2.023,2.123
2/7/2005,1.928,2.029,2.13
2/14/2005,1.845,1.945,2.049
2/21/2005,1.887,1.989,2.091
2/28/2005,1.944,2.045,2.15
3/7/2005,2.059,2.16,2.265
3/14/2005,2.101,2.2,2.3
3/21/2005,2.14,2.243,2.344
3/28/2005,2.142,2.244,2.345
4/4/2005,2.193,2.294,2.394
4/11/2005,2.22,2.322,2.423
4/18/2005,2.066,2.168,2.273
4/25/2005,2.156,2.258,2.359
5/2/2005,2.138,2.241,2.344
5/9/2005,2.021,2.122,2.221
5/16/2005,2.021,2.122,2.229
5/23/2005,1.994,2.094,2.202
5/30/2005,1.982,2.082,2.19
6/6/2005,2.006,2.105,2.213
6/13/2005,2.078,2.181,2.286
6/20/2005,2.082,2.18,2.284
6/27/2005,2.204,2.306,2.408
7/4/2005,2.178,2.279,2.382
7/11/2005,2.335,2.438,2.542
7/18/2005,2.234,2.335,2.44
7/25/2005,2.139,2.237,2.348
8/1/2005,2.196,2.297,2.399
8/8/2005,2.328,2.428,2.531
8/15/2005,2.491,2.596,2.701
8/22/2005,2.57,2.675,2.777
8/29/2005,2.601,2.705,2.806
9/5/2005,3.019,3.117,3.231
9/12/2005,2.901,2.997,3.115
9/19/2005,2.673,2.77,2.881
9/26/2005,2.716,2.812,2.921
10/3/2005,2.915,3.016,3.119
10/10/2005,2.768,2.864,2.971
10/17/2005,2.571,2.67,2.783
10/24/2005,2.407,2.506,2.62
10/31/2005,2.268,2.365,2.481
11/7/2005,2.151,2.247,2.364
11/14/2005,2.137,2.235,2.35
11/21/2005,2.029,2.127,2.247
11/28/2005,1.999,2.095,2.215
12/5/2005,2.159,2.259,2.371
12/12/2005,2.209,2.306,2.415
12/19/2005,2.23,2.33,2.441
12/26/2005,2.221,2.319,2.428
1/2/2006,2.278,2.373,2.481
1/9/2006,2.368,2.467,2.572
1/16/2006,2.243,2.337,2.448
1/23/2006,2.267,2.372,2.479
1/30/2006,2.362,2.461,2.565
2/6/2006,2.25,2.347,2.458
2/13/2006,2.117,2.211,2.325
2/20/2006,2.109,2.203,2.318
2/27/2006,2.284,2.386,2.494
3/6/2006,2.421,2.522,2.623
3/13/2006,2.399,2.499,2.606
3/20/2006,2.524,2.62,2.727
3/27/2006,2.468,2.565,2.673
4/3/2006,2.572,2.671,2.775
4/10/2006,2.65,2.745,2.853
4/17/2006,2.774,2.87,2.974
4/24/2006,2.858,2.952,3.064
5/1/2006,2.806,2.9,3.011
5/8/2006,2.765,2.86,2.97
5/15/2006,2.88,2.977,3.082
5/22/2006,2.703,2.799,2.912
5/29/2006,2.765,2.868,2.972
6/5/2006,2.829,2.929,3.035
6/12/2006,2.846,2.946,3.054
6/19/2006,2.738,2.834,2.944
6/26/2006,2.791,2.89,2.995
7/3/2006,2.879,2.976,3.082
7/10/2006,2.943,3.044,3.146
7/17/2006,2.975,3.077,3.18
7/24/2006,3.006,3.108,3.206
7/31/2006,2.936,3.032,3.136
8/7/2006,2.995,3.096,3.201
8/14/2006,2.859,2.954,3.068
8/21/2006,2.71,2.805,2.924
8/28/2006,2.577,2.669,2.788
9/4/2006,2.426,2.519,2.639
9/11/2006,2.306,2.398,2.517
9/18/2006,2.207,2.303,2.425
9/25/2006,2.11,2.207,2.323
10/2/2006,2.106,2.202,2.315
10/9/2006,2.105,2.203,2.314
10/16/2006,2.09,2.187,2.3
10/23/2006,2.14,2.236,2.35
10/30/2006,2.196,2.291,2.404
11/6/2006,2.218,2.316,2.427
11/13/2006,2.226,2.326,2.435
11/20/2006,2.239,2.34,2.45
11/27/2006,2.225,2.324,2.434
12/4/2006,2.276,2.374,2.482
12/11/2006,2.183,2.279,2.39
12/18/2006,2.292,2.394,2.5
12/25/2006,2.263,2.361,2.47
1/1/2007,2.308,2.409,2.516
1/8/2007,2.222,2.315,2.427
1/15/2007,2.046,2.138,2.253
1/22/2007,1.98,2.076,2.198
1/29/2007,2.151,2.251,2.364
2/5/2007,2.213,2.313,2.423
2/12/2007,2.318,2.421,2.528
2/19/2007,2.375,2.475,2.58
2/26/2007,2.397,2.494,2.598
3/5/2007,2.47,2.552,2.673
3/12/2007,2.495,2.593,2.698
3/19/2007,2.478,2.579,2.69
3/26/2007,2.543,2.645,2.749
4/2/2007,2.623,2.725,2.823
4/9/2007,2.742,2.846,2.948
4/16/2007,2.8,2.902,3.006
4/23/2007,2.77,2.875,2.978
4/30/2007,2.937,3.041,3.144
5/7/2007,3.144,3.243,3.346
5/14/2007,3.148,3.253,3.352
5/21/2007,3.233,3.338,3.439
5/28/2007,3.335,3.445,3.546
6/4/2007,3.193,3.301,3.409
6/11/2007,2.999,3.105,3.214
6/18/2007,2.903,3.009,3.122
6/25/2007,2.916,3.018,3.134
7/2/2007,2.829,2.931,3.047
7/9/2007,2.949,3.054,3.164
7/16/2007,3.065,3.173,3.277
7/23/2007,2.797,2.897,3.013
7/30/2007,2.614,2.711,2.833
8/6/2007,2.686,2.788,2.904
8/13/2007,2.658,2.76,2.877
8/20/2007,2.833,2.938,3.04
8/27/2007,2.788,2.893,2.998
9/3/2007,2.985,3.094,3.187
9/10/2007,2.933,3.038,3.139
9/17/2007,2.775,2.888,2.994
9/24/2007,2.856,2.96,3.064
10/1/2007,2.707,2.809,2.921
10/8/2007,2.744,2.847,2.961
10/15/2007,2.74,2.842,2.953
10/22/2007,2.801,2.9,3.008
10/29/2007,2.924,3.027,3.134
11/5/2007,3.076,3.177,3.282
11/12/2007,3.16,3.264,3.367
11/19/2007,3.06,3.16,3.268
11/26/2007,3.063,3.166,3.271
12/3/2007,3.017,3.121,3.229
12/10/2007,2.897,3,3.112
12/17/2007,2.99,3.098,3.206
12/24/2007,2.931,3.032,3.143
12/31/2007,3.062,3.162,3.267
1/7/2008,3.161,3.263,3.364
1/14/2008,3.011,3.111,3.218
1/21/2008,3.007,3.114,3.218
1/28/2008,2.946,3.049,3.157
2/4/2008,2.987,3.09,3.2
2/11/2008,2.967,3.071,3.176
2/18/2008,3.092,3.195,3.297
2/25/2008,3.049,3.149,3.254
3/3/2008,3.055,3.155,3.261
3/10/2008,3.25,3.355,3.455
3/17/2008,3.321,3.418,3.527
3/24/2008,3.184,3.282,3.391
3/31/2008,3.196,3.291,3.401
4/7/2008,3.229,3.328,3.431
4/14/2008,3.353,3.458,3.558
4/21/2008,3.387,3.486,3.593
4/28/2008,3.525,3.625,3.731
5/5/2008,3.571,3.674,3.778
5/12/2008,3.745,3.849,3.948
5/19/2008,3.855,3.959,4.06
5/26/2008,3.966,4.071,4.174
6/2/2008,3.961,4.065,4.169
6/9/2008,3.985,4.09,4.194
6/16/2008,3.968,4.072,4.177
6/23/2008,4.011,4.119,4.221
6/30/2008,3.999,4.103,4.208
7/7/2008,4.033,4.136,4.238
7/14/2008,4.054,4.161,4.267
7/21/2008,3.897,3.995,4.107
7/28/2008,3.702,3.802,3.923
8/4/2008,3.687,3.791,3.91
8/11/2008,3.655,3.759,3.87
8/18/2008,3.655,3.758,3.865
8/25/2008,3.682,3.787,3.895
9/1/2008,3.584,3.678,3.787
9/8/2008,3.556,3.657,3.764
9/15/2008,3.992,4.101,4.201
9/22/2008,3.841,3.943,4.044
9/29/2008,3.619,3.721,3.831
10/6/2008,3.323,3.426,3.538
10/13/2008,2.904,2.995,3.113
10/20/2008,2.657,2.753,2.875
10/27/2008,2.391,2.491,2.622
11/3/2008,2.087,2.191,2.333
11/10/2008,1.933,2.031,2.174
11/17/2008,1.838,1.938,2.07
11/24/2008,1.684,1.778,1.92
12/1/2008,1.72,1.819,1.957
12/8/2008,1.593,1.686,1.829
12/15/2008,1.677,1.779,1.898
12/22/2008,1.608,1.707,1.83
12/29/2008,1.551,1.65,1.774
1/5/2009,1.822,1.921,2.026
1/12/2009,1.906,2.009,2.113
1/19/2009,1.916,2.021,2.124
1/26/2009,1.822,1.922,2.035
2/2/2009,1.844,1.952,2.053
2/9/2009,1.806,1.911,2.015
2/16/2009,1.907,2.006,2.11
2/23/2009,1.792,1.891,1.997
3/2/2009,1.861,1.962,2.066
3/9/2009,1.96,2.064,2.166
3/16/2009,1.826,1.924,2.032
3/23/2009,1.958,2.058,2.16
3/30/2009,2.036,2.136,2.238
4/6/2009,1.966,2.063,2.168
4/13/2009,1.999,2.101,2.205
4/20/2009,1.977,2.079,2.184
4/27/2009,1.965,2.066,2.174
5/4/2009,2.07,2.172,2.281
5/11/2009,2.317,2.421,2.52
5/18/2009,2.324,2.426,2.525
5/25/2009,2.553,2.66,2.757
6/1/2009,2.627,2.73,2.832
6/8/2009,2.81,2.915,3.01
6/15/2009,2.715,2.821,2.922
6/22/2009,2.637,2.742,2.844
6/29/2009,2.553,2.657,2.761
7/6/2009,2.574,2.68,2.779
7/13/2009,2.425,2.531,2.634
7/20/2009,2.308,2.412,2.524
7/27/2009,2.477,2.58,2.686
8/3/2009,2.489,2.592,2.699
8/10/2009,2.601,2.704,2.807
8/17/2009,2.498,2.601,2.707
8/24/2009,2.532,2.638,2.743
8/31/2009,2.509,2.616,2.72
9/7/2009,2.411,2.513,2.623
9/14/2009,2.47,2.573,2.679
9/21/2009,2.471,2.577,2.685
9/28/2009,2.358,2.461,2.57
10/5/2009,2.35,2.454,2.563
10/12/2009,2.466,2.568,2.675
10/19/2009,2.543,2.643,2.748
10/26/2009,2.626,2.727,2.829
11/2/2009,2.655,2.757,2.859
11/9/2009,2.553,2.658,2.766
11/16/2009,2.451,2.553,2.662
11/23/2009,2.589,2.69,2.793
11/30/2009,2.574,2.672,2.782
12/7/2009,2.557,2.66,2.766
12/14/2009,2.479,2.579,2.686
12/21/2009,2.572,2.675,2.779
12/28/2009,2.637,2.739,2.845
1/4/2010,2.654,2.757,2.858
1/11/2010,2.756,2.858,2.961
1/18/2010,2.642,2.746,2.852
1/25/2010,2.546,2.646,2.756
2/1/2010,2.476,2.58,2.69
2/8/2010,2.561,2.669,2.775
2/15/2010,2.438,2.541,2.651
2/22/2010,2.597,2.703,2.809
3/1/2010,2.585,2.69,2.798
3/8/2010,2.663,2.77,2.872
3/15/2010,2.718,2.829,2.929
3/22/2010,2.769,2.872,2.972
3/29/2010,2.67,2.773,2.877
4/5/2010,2.734,2.836,2.938
4/12/2010,2.807,2.909,3.008
4/19/2010,2.826,2.93,3.029
4/26/2010,2.734,2.838,2.939
5/3/2010,2.843,2.945,3.046
5/10/2010,2.805,2.906,3.009
5/17/2010,2.703,2.804,2.914
5/24/2010,2.576,2.681,2.787
5/31/2010,2.507,2.606,2.716
6/7/2010,2.617,2.722,2.826
6/14/2010,2.635,2.743,2.847
6/21/2010,2.695,2.801,2.904
6/28/2010,2.746,2.851,2.953
7/5/2010,2.662,2.769,2.871
7/12/2010,2.678,2.788,2.892
7/19/2010,2.704,2.809,2.914
7/26/2010,2.764,2.868,2.971
8/2/2010,2.664,2.768,2.867
8/9/2010,2.741,2.842,2.94
8/16/2010,2.623,2.725,2.832
8/23/2010,2.543,2.643,2.754
8/30/2010,2.628,2.733,2.837
9/6/2010,2.706,2.809,2.909
9/13/2010,2.826,2.934,3.033
9/20/2010,2.705,2.81,2.913
9/27/2010,2.592,2.695,2.803
10/4/2010,2.715,2.82,2.924
10/11/2010,2.874,2.984,3.077
10/18/2010,2.781,2.883,2.987
10/25/2010,2.763,2.864,2.969
11/1/2010,2.79,2.891,2.995
11/8/2010,2.979,3.086,3.174
11/15/2010,2.88,2.983,3.088
11/22/2010,2.836,2.94,3.046
11/29/2010,2.802,2.9,3.003
12/6/2010,2.961,3.067,3.168
12/13/2010,2.927,3.03,3.132
12/20/2010,2.915,3.017,3.125
12/27/2010,3.098,3.203,3.303
1/3/2011,3.096,3.2,3.303
1/10/2011,3.111,3.213,3.318
1/17/2011,3.104,3.206,3.311
1/24/2011,3.061,3.162,3.269
1/31/2011,3.108,3.211,3.316
2/7/2011,3.13,3.234,3.336
2/14/2011,2.999,3.1,3.213
2/21/2011,3.073,3.174,3.281
2/28/2011,3.376,3.481,3.586
3/7/2011,3.455,3.556,3.662
3/14/2011,3.545,3.649,3.751
3/21/2011,3.515,3.62,3.723
3/28/2011,3.539,3.645,3.748
4/4/2011,3.759,3.864,3.961
4/11/2011,3.808,3.913,4.012
4/18/2011,3.827,3.933,4.038
4/25/2011,3.898,3.999,4.105
5/2/2011,4.112,4.216,4.32
5/9/2011,3.984,4.089,4.191
5/16/2011,3.952,4.053,4.164
5/23/2011,3.717,3.821,3.937
5/30/2011,3.789,3.894,3.999
6/6/2011,3.87,3.976,4.078
6/13/2011,3.631,3.735,3.845
6/20/2011,3.468,3.575,3.687
6/27/2011,3.318,3.426,3.54
7/4/2011,3.597,3.706,3.811
7/11/2011,3.566,3.674,3.781
7/18/2011,3.598,3.703,3.814
7/25/2011,3.631,3.737,3.846
8/1/2011,3.656,3.761,3.869
8/8/2011,3.585,3.689,3.802
8/15/2011,3.538,3.647,3.753
8/22/2011,3.502,3.609,3.719
8/29/2011,3.651,3.759,3.864
9/5/2011,3.682,3.79,3.894
9/12/2011,3.623,3.723,3.83
9/19/2011,3.457,3.561,3.67
9/26/2011,3.298,3.399,3.514
10/3/2011,3.17,3.271,3.389
10/10/2011,3.251,3.356,3.468
10/17/2011,3.363,3.471,3.582
10/24/2011,3.231,3.336,3.449
10/31/2011,3.384,3.49,3.602
11/7/2011,3.258,3.362,3.477
11/14/2011,3.364,3.473,3.585
11/21/2011,3.193,3.3,3.419
11/28/2011,3.096,3.202,3.324
12/5/2011,3.204,3.313,3.431
12/12/2011,3.275,3.382,3.498
12/19/2011,3.109,3.215,3.332
12/26/2011,3.321,3.425,3.544
1/2/2012,3.372,3.481,3.593
1/9/2012,3.395,3.5,3.612
1/16/2012,3.449,3.559,3.667
1/23/2012,3.283,3.384,3.497
1/30/2012,3.408,3.512,3.623
2/6/2012,3.445,3.55,3.662
2/13/2012,3.313,3.418,3.532
2/20/2012,3.48,3.584,3.696
2/27/2012,3.66,3.763,3.879
3/5/2012,3.737,3.839,3.953
3/12/2012,3.866,3.972,4.084
3/19/2012,3.777,3.879,3.991
3/26/2012,3.906,4.012,4.129
4/2/2012,3.809,3.91,4.019
4/9/2012,3.763,3.867,3.979
4/16/2012,3.806,3.914,4.019
4/23/2012,3.67,3.775,3.885
4/30/2012,3.763,3.869,3.977
5/7/2012,3.751,3.856,3.966
5/14/2012,3.618,3.724,3.834
5/21/2012,3.655,3.759,3.868
5/28/2012,3.658,3.76,3.869
6/4/2012,3.545,3.65,3.766
6/11/2012,3.593,3.705,3.814
6/18/2012,3.641,3.747,3.855
6/25/2012,3.399,3.501,3.613
7/2/2012,3.242,3.349,3.469
7/9/2012,3.523,3.634,3.744
7/16/2012,3.353,3.468,3.576
7/23/2012,3.448,3.56,3.674
7/30/2012,3.472,3.579,3.691
8/6/2012,3.862,3.968,4.084
8/13/2012,3.736,3.84,3.956
8/20/2012,3.747,3.851,3.968
8/27/2012,3.76,3.866,3.983
9/3/2012,3.846,3.949,4.062
9/10/2012,3.76,3.86,3.981
9/17/2012,3.862,3.966,4.082
9/24/2012,3.704,3.806,3.931
10/1/2012,3.718,3.821,3.941
10/8/2012,3.766,3.871,3.99
10/15/2012,3.61,3.713,3.838
10/22/2012,3.341,3.444,3.565
10/29/2012,3.412,3.52,3.638
11/5/2012,3.305,3.411,3.538
11/12/2012,3.401,3.503,3.623
11/19/2012,3.426,3.531,3.668
11/26/2012,3.529,3.634,3.753
12/3/2012,3.333,3.444,3.564
12/10/2012,3.337,3.447,3.567
12/17/2012,3.112,3.221,3.353
12/24/2012,3.22,3.327,3.454
12/31/2012,3.319,3.429,3.552
1/7/2013,3.162,3.268,3.396
1/14/2013,3.241,3.346,3.473
1/21/2013,3.295,3.402,3.518
1/28/2013,3.384,3.493,3.606
2/4/2013,3.497,3.6,3.712
2/11/2013,3.546,3.65,3.764
2/18/2013,3.807,3.911,4.024
2/25/2013,3.646,3.748,3.866
3/4/2013,3.706,3.814,3.934
3/11/2013,3.538,3.639,3.761
3/18/2013,3.651,3.754,3.872
3/25/2013,3.679,3.786,3.897
4/1/2013,3.52,3.624,3.741
4/8/2013,3.506,3.61,3.728
4/15/2013,3.339,3.443,3.562
4/22/2013,3.657,3.772,3.877
4/29/2013,3.525,3.638,3.749
5/6/2013,3.68,3.783,3.891
5/13/2013,3.548,3.652,3.762
5/20/2013,3.843,3.959,4.057
5/27/2013,3.676,3.788,3.895
6/3/2013,3.862,3.981,4.081
6/10/2013,3.916,4.025,4.13
6/17/2013,3.728,3.835,3.945
6/24/2013,3.451,3.565,3.681
7/1/2013,3.234,3.342,3.458
7/8/2013,3.364,3.477,3.589
7/15/2013,3.649,3.763,3.873
7/22/2013,3.529,3.637,3.751
7/29/2013,3.407,3.517,3.636
8/5/2013,3.559,3.673,3.787
8/12/2013,3.397,3.508,3.623
8/19/2013,3.48,3.592,3.706
8/26/2013,3.538,3.647,3.76
9/2/2013,3.622,3.736,3.845
9/9/2013,3.496,3.605,3.718
9/16/2013,3.381,3.488,3.604
9/23/2013,3.493,3.606,3.719
9/30/2013,3.327,3.443,3.564
10/7/2013,3.206,3.317,3.439
10/14/2013,3.299,3.409,3.529
10/21/2013,3.362,3.473,3.59
10/28/2013,3.201,3.316,3.433
11/4/2013,3.244,3.357,3.473
11/11/2013,3.067,3.179,3.309
11/18/2013,3.166,3.279,3.403
11/25/2013,3.243,3.359,3.483
12/2/2013,3.131,3.242,3.369
12/9/2013,3.247,3.358,3.48
12/16/2013,3.109,3.216,3.343
12/23/2013,3.264,3.379,3.502
12/30/2013,3.404,3.52,3.642
1/6/2014,3.276,3.388,3.512
1/13/2014,3.393,3.506,3.625
1/20/2014,3.222,3.335,3.458
1/27/2014,3.253,3.363,3.492
2/3/2014,3.314,3.43,3.552
2/10/2014,3.437,3.555,3.678
2/17/2014,3.456,3.573,3.693
2/24/2014,3.562,3.679,3.794
3/3/2014,3.588,3.702,3.82
3/10/2014,3.595,3.709,3.824
3/17/2014,3.662,3.777,3.888
3/24/2014,3.493,3.607,3.726
3/31/2014,3.558,3.673,3.794
4/7/2014,3.614,3.73,3.846
4/14/2014,3.669,3.786,3.899
4/21/2014,3.711,3.827,3.938
4/28/2014,3.757,3.869,3.981
5/5/2014,3.628,3.737,3.863
5/12/2014,3.709,3.827,3.947
5/19/2014,3.699,3.813,3.934
5/26/2014,3.812,3.928,4.044
6/2/2014,3.931,4.053,4.166
6/9/2014,3.808,3.924,4.044
6/16/2014,3.866,3.977,4.097
6/23/2014,3.737,3.855,3.976
6/30/2014,3.622,3.737,3.859
7/7/2014,3.535,3.65,3.775
7/14/2014,3.456,3.573,3.697
7/21/2014,3.488,3.605,3.731
7/28/2014,3.361,3.477,3.601
8/4/2014,3.466,3.587,3.713
8/11/2014,3.54,3.658,3.778
8/18/2014,3.355,3.492,3.616
8/25/2014,3.416,3.546,3.678
9/1/2014,3.55,3.683,3.806
9/8/2014,3.425,3.556,3.686
9/15/2014,3.289,3.416,3.551
9/22/2014,3.15,3.28,3.421
9/29/2014,3.281,3.414,3.546
10/6/2014,3.139,3.273,3.412
10/13/2014,3.004,3.134,3.277
10/20/2014,3.06,3.191,3.343
10/27/2014,2.902,3.032,3.184
11/3/2014,2.943,3.098,3.262
11/10/2014,2.804,2.966,3.13
11/17/2014,2.846,2.986,3.137
11/24/2014,2.686,2.849,3.017
12/1/2014,2.723,2.884,3.047
12/8/2014,2.565,2.728,2.894
12/15/2014,2.35,2.5,2.656
12/22/2014,2.141,2.291,2.459
12/29/2014,2,2.151,2.322
1/5/2015,1.861,2.022,2.185
1/12/2015,1.975,2.141,2.304
1/19/2015,1.977,2.138,2.303
1/26/2015,1.896,2.055,2.221
2/2/2015,2.035,2.196,2.358
2/9/2015,2.237,2.398,2.564
2/16/2015,2.294,2.45,2.62
2/23/2015,2.36,2.516,2.685
3/2/2015,2.463,2.63,2.795
3/9/2015,2.329,2.489,2.662
3/16/2015,2.179,2.343,2.514
3/23/2015,2.323,2.482,2.655
3/30/2015,2.392,2.558,2.723
4/6/2015,2.225,2.384,2.554
4/13/2015,2.338,2.499,2.666
4/20/2015,2.415,2.574,2.742
4/27/2015,2.53,2.69,2.86
5/4/2015,2.462,2.622,2.793
5/11/2015,2.477,2.637,2.807
5/18/2015,2.622,2.781,2.954
5/25/2015,2.701,2.861,3.034
6/1/2015,2.838,3,3.168
6/8/2015,2.702,2.868,3.051
6/15/2015,2.825,2.983,3.159
6/22/2015,2.702,2.867,3.044
6/29/2015,2.819,2.983,3.159
7/6/2015,2.707,2.872,3.048
7/13/2015,2.795,2.959,3.137
7/20/2015,2.604,2.775,2.958
7/27/2015,2.405,2.581,2.76
8/3/2015,2.282,2.454,2.638
8/10/2015,2.428,2.601,2.78
8/17/2015,2.852,3.033,3.233
8/24/2015,2.647,2.83,3.039
8/31/2015,2.348,2.547,2.757
9/7/2015,2.125,2.324,2.537
9/14/2015,2.221,2.445,2.687
9/21/2015,2.295,2.516,2.752
9/28/2015,2.365,2.587,2.826
10/5/2015,2.397,2.618,2.855
10/12/2015,2.49,2.709,2.942
10/19/2015,2.291,2.512,2.752
10/26/2015,2.111,2.333,2.57
11/2/2015,2.356,2.574,2.807
11/9/2015,2.179,2.4,2.644
11/16/2015,1.974,2.204,2.446
11/23/2015,1.803,2.028,2.284
11/30/2015,1.8,2.026,2.277
12/7/2015,1.886,2.121,2.371
12/14/2015,1.925,2.157,2.402
12/21/2015,1.78,2.006,2.257
12/28/2015,1.935,2.164,2.397
1/4/2016,1.869,2.103,2.35
1/11/2016,1.825,2.055,2.302
1/18/2016,1.66,1.89,2.142
1/25/2016,1.538,1.767,2.023
2/1/2016,1.623,1.859,2.11
2/8/2016,1.473,1.701,1.947
2/15/2016,1.545,1.768,2.018
2/22/2016,1.675,1.899,2.145
2/29/2016,1.773,1.992,2.24
3/7/2016,1.851,2.074,2.321
3/14/2016,1.914,2.138,2.393
3/21/2016,1.912,2.133,2.387
3/28/2016,1.912,2.133,2.386
4/4/2016,1.979,2.201,2.459
4/11/2016,2.035,2.262,2.513
4/18/2016,2.076,2.303,2.556
4/25/2016,2.156,2.384,2.635
5/2/2016,2.3,2.526,2.775
5/9/2016,2.148,2.378,2.632
5/16/2016,2.24,2.469,2.718
5/23/2016,2.367,2.593,2.849
5/30/2016,2.452,2.679,2.934
6/6/2016,2.597,2.822,3.08
6/13/2016,2.692,2.926,3.187
6/20/2016,2.505,2.736,2.999
6/27/2016,2.318,2.558,2.823
7/4/2016,2.152,2.417,2.7
7/11/2016,2.059,2.322,2.604
7/18/2016,2.17,2.432,2.715
7/25/2016,2.027,2.291,2.572
8/1/2016,2.089,2.351,2.631
8/8/2016,2.132,2.397,2.677
8/15/2016,2.07,2.334,2.613
8/22/2016,2.147,2.414,2.694
8/29/2016,2.16,2.424,2.705
9/5/2016,2.143,2.405,2.692
9/12/2016,2.048,2.316,2.603
9/19/2016,2.177,2.44,2.724
9/26/2016,2.045,2.316,2.597
10/3/2016,2.208,2.478,2.756
10/10/2016,2.275,2.543,2.822
10/17/2016,2.14,2.404,2.69
10/24/2016,2.029,2.297,2.581
10/31/2016,2.037,2.307,2.595
11/7/2016,2.095,2.365,2.651
11/14/2016,1.986,2.265,2.547
11/21/2016,2.091,2.361,2.646
11/28/2016,2.083,2.35,2.636
12/5/2016,2.151,2.42,2.702
12/12/2016,2.219,2.489,2.77
12/19/2016,2.32,2.588,2.872
12/26/2016,2.402,2.671,2.953
1/2/2017,2.313,2.586,2.86
1/9/2017,2.388,2.654,2.934
1/16/2017,2.227,2.491,2.77
1/23/2017,2.082,2.349,2.634
1/30/2017,1.971,2.249,2.535
2/6/2017,2.048,2.323,2.611
2/13/2017,2.121,2.398,2.681
2/20/2017,2.037,2.313,2.599
2/27/2017,2.115,2.387,2.67
3/6/2017,2.219,2.498,2.784
3/13/2017,2.11,2.384,2.664
3/20/2017,2.19,2.464,2.753
3/27/2017,2.108,2.383,2.678
4/3/2017,2.295,2.568,2.852
4/10/2017,2.365,2.639,2.925
4/17/2017,2.297,2.57,2.857
4/24/2017,2.386,2.655,2.938
5/1/2017,2.27,2.543,2.827
5/8/2017,2.149,2.423,2.707
5/15/2017,2.254,2.529,2.816
5/22/2017,2.374,2.645,2.931
5/29/2017,2.262,2.539,2.82
6/5/2017,2.361,2.63,2.92
6/12/2017,2.214,2.487,2.778
6/19/2017,2.102,2.371,2.665
6/26/2017,2.16,2.435,2.725
7/3/2017,2.063,2.334,2.635
7/10/2017,2.255,2.526,2.824
7/17/2017,2.125,2.4,2.685
7/24/2017,2.207,2.479,2.776
7/31/2017,2.31,2.58,2.875
8/7/2017,2.215,2.479,2.776
8/14/2017,2.27,2.545,2.841
8/21/2017,2.181,2.453,2.743
8/28/2017,2.291,2.565,2.861
9/4/2017,2.523,2.8,3.096
9/11/2017,2.447,2.728,3.026
9/18/2017,2.314,2.596,2.895
9/25/2017,2.203,2.48,2.783
10/2/2017,2.345,2.622,2.923
10/9/2017,2.228,2.502,2.804
10/16/2017,2.385,2.666,2.96
10/23/2017,2.296,2.576,2.882
10/30/2017,2.421,2.697,2.998
11/6/2017,2.607,2.887,3.182
11/13/2017,2.482,2.762,3.055
11/20/2017,2.538,2.819,3.122
11/27/2017,2.388,2.665,2.968
12/4/2017,2.249,2.532,2.84
12/11/2017,2.334,2.621,2.927
12/18/2017,2.2,2.485,2.793
12/25/2017,2.367,2.639,2.943
1/1/2018,2.467,2.744,3.044
1/8/2018,2.373,2.658,2.961
1/15/2018,2.457,2.738,3.042
1/22/2018,2.343,2.62,2.925
1/29/2018,2.426,2.709,3.012
2/5/2018,2.489,2.773,3.076
2/12/2018,2.331,2.614,2.919
2/19/2018,2.2,2.486,2.791
2/26/2018,2.263,2.55,2.853
3/5/2018,2.363,2.649,2.958
3/12/2018,2.393,2.674,2.975
3/19/2018,2.486,2.768,3.071
3/26/2018,2.382,2.664,2.966
4/2/2018,2.454,2.729,3.033
4/9/2018,2.544,2.829,3.132
4/16/2018,2.582,2.87,3.188
4/23/2018,2.675,2.96,3.277
4/30/2018,2.763,3.052,3.367
5/7/2018,2.626,2.92,3.238
5/14/2018,2.784,3.067,3.437
5/21/2018,2.838,3.142,3.505
5/28/2018,2.847,3.139,3.514
6/4/2018,2.749,3.036,3.412
6/11/2018,2.743,3.04,3.414
6/18/2018,2.642,2.93,3.308
6/25/2018,2.552,2.836,3.212
7/2/2018,2.698,2.991,3.364
7/9/2018,2.745,3.059,3.44
7/16/2018,2.82,3.121,3.495
7/23/2018,2.692,2.984,3.365
7/30/2018,2.735,3.048,3.423
8/6/2018,2.753,3.051,3.432
8/13/2018,2.647,2.943,3.327
8/20/2018,2.689,2.996,3.37
8/27/2018,2.832,3.126,3.507
9/3/2018,2.702,3.004,3.391
9/10/2018,2.707,3.025,3.403
9/17/2018,2.757,3.049,3.431
9/24/2018,2.76,3.083,3.454
10/1/2018,2.697,3.003,3.38
10/8/2018,2.801,3.105,3.484
10/15/2018,2.631,2.938,3.309
10/22/2018,2.527,2.831,3.21
10/29/2018,2.64,2.968,3.337
11/5/2018,2.497,2.821,3.208
11/12/2018,2.373,2.685,3.058
11/19/2018,2.391,2.707,3.077
11/26/2018,2.238,2.555,2.936
12/3/2018,2.074,2.394,2.77
12/10/2018,2.163,2.488,2.856
12/17/2018,2.042,2.362,2.734
12/24/2018,2.008,2.335,2.705
12/31/2018,1.866,2.178,2.545
1/7/2019,1.935,2.243,2.62
1/14/2019,1.999,2.326,2.696
1/21/2019,1.911,2.22,2.65
1/28/2019,1.988,2.31,2.694
2/4/2019,2.09,2.406,2.773
2/11/2019,2.165,2.468,2.84
2/18/2019,2.207,2.526,2.901
2/25/2019,2.331,2.624,3.005
3/4/2019,2.369,2.672,3.042
3/11/2019,2.433,2.734,3.111
3/18/2019,2.321,2.61,2.99
3/25/2019,2.486,2.82,3.198
4/1/2019,2.539,2.856,3.237
4/8/2019,2.641,2.944,3.329
4/15/2019,2.659,2.975,3.361
4/22/2019,2.571,2.881,3.261
4/29/2019,2.67,2.975,3.352
5/6/2019,2.739,3.06,3.445
5/13/2019,2.584,2.888,3.278
5/20/2019,2.707,3.003,3.368
5/27/2019,2.596,2.886,3.275
6/3/2019,2.739,3.038,3.43
6/10/2019,2.482,2.785,3.178
6/17/2019,2.461,2.8,3.18
